Issue Id,Summary,Issue Type,Labels,Labels,Labels,Labels,Description,Due date,Parent,Story point estimate,Custom field (Start date)
20000,EPIC-001: Préparation et Exploration des données,Epic,v1,data,exploration,,"Charger, explorer et nettoyer le dataset Online Retail",,,8,
20001,EPIC-002: Construction et préparation du RFM,Epic,v1,rfm,preprocessing,,"Construire les indicateurs Recence, Frequence et Montant",,,8,
20002,EPIC-003: Segmentation avec K-Means,Epic,v1,kmeans,clustering,,Rechercher K puis appliquer K-Means avec K=3,,,8,
20003,EPIC-004: Profiling et interprétation des segments,Epic,v1,profiling,business,,Analyser et interpréter les trois clusters,,,6,
20004,EPIC-005: Visualisation PCA,Epic,v1,pca,visualization,,Visualiser les clients et les clusters avec PCA,,,4,
20005,EPIC-006: Classification Random Forest,Epic,v1,randomforest,classification,,Utiliser les clusters comme classes cibles,,,8,
20006,EPIC-007: Évaluation du modèle,Epic,v1,evaluation,metrics,,Évaluer le Random Forest avec métriques et validation croisée,,,6,
20007,EPIC-008: Importance des variables,Epic,v1,features,interpretation,,"Analyser l'importance de Recence, Frequence et Montant",,,4,
20008,EPIC-009: Prédiction d'un nouveau client,Epic,v1,prediction,rfm,,Prédire le segment d'un nouveau client,,,4,
20009,EPIC-010: Sauvegarde du modèle,Epic,v1,model,export,,Sauvegarder et recharger le modèle Random Forest,,,3,
20010,EPIC-011: Application Streamlit,Epic,v1,streamlit,deployment,,Créer l'application de prédiction,,,8,
20011,EPIC-012: Finalisation et livrables,Epic,v1,documentation,final,,Finaliser le notebook et préparer les livrables,,,5,
20012,US-001: Chargement et exploration du dataset,Story,v1,data,exploration,,Charger le dataset et analyser sa structure,,20000,3,
20013,US-002: Nettoyage des données,Story,v1,data,cleaning,,"Traiter les données manquantes, invalides et incohérentes",,20000,5,
20014,T-001.001: Charger le dataset Online Retail,Subtask,v1,data,loading,,Importer le dataset Online Retail,,20012,1,
20015,T-001.002: Examiner dimensions et colonnes,Subtask,v1,data,exploration,,"Vérifier shape, colonnes et premières lignes",,20012,1,
20016,T-001.003: Vérifier les types de données,Subtask,v1,data,types,,Analyser les types des variables,,20012,1,
20017,T-001.004: Identifier les valeurs manquantes,Subtask,v1,data,missing,,Identifier les valeurs manquantes,,20012,1,
20018,T-002.001: Traiter les valeurs manquantes,Subtask,v1,cleaning,missing,,Nettoyer les valeurs manquantes nécessaires,,20013,1,
20019,T-002.002: Traiter les transactions invalides,Subtask,v1,cleaning,transactions,,Traiter les transactions invalides ou incohérentes,,20013,1,
20020,T-002.003: Préparer les données pour RFM,Subtask,v1,cleaning,rfm,,Préparer les données nécessaires au calcul RFM,,20013,1,
20021,US-003: Construction des indicateurs RFM,Story,v1,rfm,features,,"Créer une ligne par client avec Recence, Frequence et Montant",,20001,5,
20022,US-004: Analyse et préparation des variables RFM,Story,v1,rfm,preprocessing,,Analyser les distributions et standardiser les variables,,20001,3,
20023,T-003.001: Calculer la Recence,Subtask,v1,rfm,recency,,Calculer le nombre de jours depuis le dernier achat,,20021,1,
20024,T-003.002: Calculer la Frequence,Subtask,v1,rfm,frequency,,Calculer la fréquence des achats,,20021,1,
20025,T-003.003: Calculer le Montant,Subtask,v1,rfm,monetary,,Calculer le montant total dépensé,,20021,1,
20026,T-003.004: Construire une ligne par client,Subtask,v1,rfm,aggregation,,Agrèger les transactions au niveau client,,20021,1,
20027,T-004.001: Analyser les distributions RFM,Subtask,v1,rfm,analysis,,Analyser les distributions et valeurs extrêmes,,20022,1,
20028,T-004.002: Standardiser les variables RFM,Subtask,v1,rfm,scaling,,Préparer les variables pour K-Means,,20022,1,
20029,US-005: Recherche du nombre de clusters,Story,v1,kmeans,elbow,,Tester plusieurs K avec Elbow et Silhouette,,20002,3,
20030,US-006: Application de K-Means avec K=3,Story,v1,kmeans,clustering,,Entraîner K-Means et attribuer un cluster à chaque client,,20002,5,
20031,T-005.001: Tester plusieurs valeurs de K,Subtask,v1,kmeans,elbow,,Tester plusieurs valeurs de K,,20029,1,
20032,T-005.002: Construire la courbe Elbow,Subtask,v1,kmeans,elbow,,Calculer et visualiser l'inertie,,20029,1,
20033,T-005.003: Calculer le Silhouette Score,Subtask,v1,kmeans,silhouette,,Calculer les scores de silhouette,,20029,1,
20034,T-006.001: Fixer K=3,Subtask,v1,kmeans,business,,Appliquer la contrainte métier K=3,,20030,1,
20035,T-006.002: Entraîner K-Means,Subtask,v1,kmeans,model,,Entraîner le modèle K-Means,,20030,2,
20036,T-006.003: Attribuer les clusters,Subtask,v1,kmeans,prediction,,Ajouter le cluster à chaque client,,20030,1,
20037,US-007: Analyse des clusters,Story,v1,profiling,rfm,,Comparer les profils RFM des trois clusters,,20003,3,
20038,US-008: Interprétation métier,Story,v1,profiling,business,,Donner un nom et une interprétation aux segments,,20003,3,
20039,T-007.001: Compter les clients par cluster,Subtask,v1,profiling,customers,,Calculer le nombre de clients par cluster,,20037,1,
20040,T-007.002: Comparer les indicateurs RFM,Subtask,v1,profiling,rfm,,"Comparer Recence, Frequence et Montant",,20037,1,
20041,T-007.003: Calculer la contribution au CA,Subtask,v1,profiling,revenue,,Calculer la contribution au chiffre d'affaires,,20037,1,
20042,T-008.001: Nommer les segments,Subtask,v1,profiling,business,,Attribuer des noms selon les profils observés,,20038,1,
20043,T-008.002: Justifier les segments,Subtask,v1,profiling,interpretation,,Justifier les noms avec les indicateurs RFM,,20038,1,
20044,US-009: Visualisation PCA,Story,v1,pca,visualization,,Représenter les clients et clusters en 2D,,20004,3,
20045,T-009.001: Appliquer PCA,Subtask,v1,pca,dimensionality,,Réduire les données à deux composantes,,20044,1,
20046,T-009.002: Visualiser les clusters,Subtask,v1,pca,plot,,Créer le graphique PCA des trois clusters,,20044,1,
20047,T-009.003: Interpréter la séparation,Subtask,v1,pca,analysis,,Analyser séparation et chevauchement,,20044,1,
20048,US-010: Préparation de la classification,Story,v1,randomforest,classification,,Préparer X et y et séparer train/test,,20005,3,
20049,US-011: Entraînement Random Forest,Story,v1,randomforest,model,,Entraîner le modèle de classification,,20005,5,
20050,T-010.001: Définir X avec les variables RFM,Subtask,v1,randomforest,features,,"Utiliser Recence, Frequence et Montant comme X",,20048,1,
20051,T-010.002: Définir y avec les clusters,Subtask,v1,randomforest,target,,Utiliser le cluster K-Means comme cible,,20048,1,
20052,T-010.003: Séparer train et test,Subtask,v1,randomforest,split,,Créer les jeux d'entraînement et de test,,20048,1,
20053,T-011.001: Créer Random Forest Classifier,Subtask,v1,randomforest,model,,Initialiser le classifieur,,20049,1,
20054,T-011.002: Entraîner le modèle,Subtask,v1,randomforest,training,,Entraîner Random Forest sur les données train,,20049,2,
20055,T-011.003: Effectuer les prédictions,Subtask,v1,randomforest,prediction,,Prédire les classes sur le jeu de test,,20049,1,
20056,US-012: Évaluation du Random Forest,Story,v1,evaluation,metrics,,Calculer les métriques de classification,,20006,3,
20057,US-013: Validation croisée 5 folds,Story,v1,evaluation,crossvalidation,,Évaluer la stabilité sur 5 folds,,20006,3,
20058,T-012.001: Accuracy,Subtask,v1,evaluation,accuracy,,Calculer Accuracy,,20056,1,
20059,"T-012.002: Precision, Recall et F1-score",Subtask,v1,evaluation,classification,,"Calculer Precision, Recall et F1-score",,20056,1,
20060,T-012.003: Matrice de confusion,Subtask,v1,evaluation,confusion-matrix,,Construire et interpréter la matrice,,20056,1,
20061,T-013.001: Cross-validation 5 folds,Subtask,v1,evaluation,crossvalidation,,Appliquer une validation croisée à 5 folds,,20057,2,
20062,T-013.002: Analyser la stabilité,Subtask,v1,evaluation,analysis,,Analyser les scores de validation croisée,,20057,1,
20063,US-014: Importance des variables,Story,v1,features,interpretation,,"Comparer l'importance de Recence, Frequence et Montant",,20007,3,
20064,T-014.001: Extraire les feature importances,Subtask,v1,features,randomforest,,Extraire les importances du Random Forest,,20063,1,
20065,T-014.002: Visualiser les importances,Subtask,v1,features,visualization,,Créer un graphique des trois variables,,20063,1,
20066,T-014.003: Interpréter les résultats,Subtask,v1,features,interpretation,,Interpréter les importances obtenues,,20063,1,
20067,US-015: Prédiction d'un nouveau client,Story,v1,prediction,new-client,,Prédire le segment à partir des caractéristiques RFM,,20008,4,
20068,T-015.001: Créer un nouveau client,Subtask,v1,prediction,rfm,,"Définir Recence, Frequence et Montant",,20067,1,
20069,T-015.002: Effectuer la prédiction,Subtask,v1,prediction,randomforest,,Utiliser Random Forest pour prédire le cluster,,20067,2,
20070,T-015.003: Afficher le segment,Subtask,v1,prediction,business,,Afficher cluster et nom du segment,,20067,1,
20071,US-016: Sauvegarde et rechargement,Story,v1,model,export,,Sauvegarder puis recharger le modèle,,20009,3,
20072,T-016.001: Sauvegarder le modèle,Subtask,v1,model,joblib,,Exporter le Random Forest,,20071,1,
20073,T-016.002: Recharger le modèle,Subtask,v1,model,joblib,,Charger le modèle sauvegardé,,20071,1,
20074,T-016.003: Vérifier une prédiction,Subtask,v1,model,testing,,Tester une prédiction avec le modèle chargé,,20071,1,
20075,US-017: Création de l'interface Streamlit,Story,v1,streamlit,ui,,Créer une interface simple de saisie RFM,,20010,4,
20076,US-018: Intégration du modèle,Story,v1,streamlit,deployment,,Intégrer le modèle sauvegardé dans Streamlit,,20010,4,
20077,T-017.001: Créer app.py,Subtask,v1,streamlit,app,,Créer le fichier principal Streamlit,,20075,1,
20078,T-017.002: Ajouter les champs RFM,Subtask,v1,streamlit,inputs,,"Ajouter Recence, Frequence et Montant",,20075,2,
20079,T-017.003: Ajouter le bouton de prédiction,Subtask,v1,streamlit,ui,,Ajouter l'action de prédiction,,20075,1,
20080,T-018.001: Charger le modèle,Subtask,v1,streamlit,model,,Charger le modèle Random Forest,,20076,1,
20081,T-018.002: Effectuer la prédiction,Subtask,v1,streamlit,prediction,,Envoyer les valeurs RFM au modèle,,20076,2,
20082,T-018.003: Afficher le résultat,Subtask,v1,streamlit,output,,"Afficher cluster, segment et RFM",,20076,1,
20083,US-019: Finalisation du notebook,Story,v1,documentation,notebook,,Organiser et documenter toutes les étapes,,20011,3,
20084,US-020: Préparation finale des livrables,Story,v1,documentation,final,,Tester et préparer le projet final,,20011,2,
20085,T-019.001: Nettoyer et organiser le notebook,Subtask,v1,documentation,notebook,,Organiser les cellules et résultats,,20083,1,
20086,T-019.002: Ajouter les interprétations,Subtask,v1,documentation,analysis,,Documenter les décisions et résultats,,20083,1,
20087,T-019.003: Vérifier les étapes du brief,Subtask,v1,documentation,checklist,,Vérifier la couverture du projet,,20083,1,
20088,T-020.001: Tester le projet complet,Subtask,v1,documentation,testing,,Tester le parcours complet,,20084,1,
20089,T-020.002: Préparer la présentation,Subtask,v1,documentation,presentation,,Préparer la présentation finale,,20084,1,
